EBOV_2014_EM095, Kissi_Teng
EBOV_2014_EM096, Kissi_Teng
EBOV_2014_EM098, Kissi_Teng
EBOV_2014_EM104, Jawie
EBOV_2014_EM106, Jawie
EBOV_2014_EM110, Jawie
EBOV_2014_EM111, Jawie
EBOV_2014_EM112, Jawie
EBOV_2014_EM113, Jawie
EBOV_2014_EM115, Jawie
EBOV_2014_EM119, Jawie
EBOV_2014_EM120, Jawie
EBOV_2014_EM121, Kissi_Kama
EBOV_2014_EM124, Jawie
EBOV_2014_G3670, Kissi_Teng
EBOV_2014_G3676, Kissi_Teng
EBOV_2014_G3677, Kissi_Teng
EBOV_2014_G3679, Kissi_Teng
EBOV_2014_G3680, Kissi_Teng
EBOV_2014_G3682, Kissi_Teng
EBOV_2014_G3683, Kissi_Teng
EBOV_2014_G3686, Kissi_Tongi
EBOV_2014_G3687, Kissi_Tongi
EBOV_2014_G3707, Jawie
EBOV_2014_G3713, Njaluahun
EBOV_2014_G3724, Jawie
EBOV_2014_G3729, Jawie
EBOV_2014_G3734, Luawa
EBOV_2014_G3735, Jawie
EBOV_2014_G3750, Jawie
EBOV_2014_G3752, Kpeje_Bongre
EBOV_2014_G3758, Jawie
EBOV_2014_G3764, N/A
EBOV_2014_G3765, Jawie
EBOV_2014_G3769, Jawie
EBOV_2014_G3770, Jawie
EBOV_2014_G3771, Mandu
EBOV_2014_G3782, Kissi_Teng
EBOV_2014_G3786, Kissi_Teng
EBOV_2014_G3787, Kissi_Teng
EBOV_2014_G3788, Kissi_Teng
EBOV_2014_G3789, Jawie
EBOV_2014_G3795, Jawie
EBOV_2014_G3796, Jawie
EBOV_2014_G3798, Jawie
EBOV_2014_G3799, Jawie
EBOV_2014_G3800, Jawie
EBOV_2014_G3805, Jawie
EBOV_2014_G3807, Jawie
EBOV_2014_G3808, Jawie
EBOV_2014_G3809, Jawie
EBOV_2014_G3810, Jawie
EBOV_2014_G3814, Jawie
EBOV_2014_G3816, Jawie
EBOV_2014_G3817, Jawie
EBOV_2014_G3818, Jawie
EBOV_2014_G3819, Jawie
EBOV_2014_G3820, Jawie
EBOV_2014_G3821, Jawie
EBOV_2014_G3822, Jawie
EBOV_2014_G3823, Jawie
EBOV_2014_G3825, Malema
EBOV_2014_G3826, Jawie
EBOV_2014_G3827, Jawie
EBOV_2014_G3829, Luawa
EBOV_2014_G3831, Kissi_Teng
EBOV_2014_G3834, Kpeje_West
EBOV_2014_G3838, Jawie
EBOV_2014_G3840, Jawie
EBOV_2014_G3841, Kakua
EBOV_2014_G3845, Jawie
EBOV_2014_G3846, Jawie
EBOV_2014_G3848, Jawie
EBOV_2014_G3850, Jawie
EBOV_2014_G3851, Nongowa
EBOV_2014_G3856, Nongowa
EBOV_2014_G3857, Luawa
EBOV_2014_KJ660346, Guinea
EBOV_2014_KJ660347, Guinea
EBOV_2014_KJ660348, Guinea
EBOV_2014_NM042, Mambolo
